k,Female_No,Female_Yes,Male_No,Male_Yes
20,0.0,0.0,0.0,14.285714285714286
37,0.0,20.0,0.0,0.0
56,0.0,4.3478260869565215,0.0,5.0
74,0.0,0.0,0.0,0.0
92,0.0,0.0,0.0,0.0
