k,American Indian/Alaska Native,Asian,Black/African American,Native Hawaiian/Other Pacific Islander,White
22,0.0,0.0,0.0,0.0,21.428571428571427
39,100.0,0.0,0.0,0.0,7.407407407407407
57,0.0,0.0,0.0,0.0,9.75609756097561
75,0.0,0.0,0.0,0.0,0.0
93,0.0,0.0,0.0,0.0,0.0
