{
    "setup": {
        "datasets": {
            "Adult": {
                "data_dir": "../datasets/adult",
                "color_fields": [
                    "race",
                    "sex"
                ],
                "feature_fields": [
                    "age",
                    "capital-gain",
                    "capital-loss",
                    "hours-per-week",
                    "fnlwgt",
                    "education-num"
                ],
                "normalize": 1,
                "points_per_color": {
                    "White_Male": 19174,
                    "Black_Male": 1569,
                    "Black_Female": 1555,
                    "White_Female": 8642,
                    "Asian-Pac-Islander_Male": 693,
                    "Amer-Indian-Eskimo_Male": 192,
                    "Other_Female": 109,
                    "Asian-Pac-Islander_Female": 346,
                    "Amer-Indian-Eskimo_Female": 119,
                    "Other_Male": 162
                }
            }
        },
        "parametes": {
            "k": [
                25,
                101,
                25
            ]
        }
    },
    "results": {
        "SFDM-2": {
            "xs": {
                "k_values": [
                    25,
                    50,
                    75,
                    100
                ]
            },
            "ys": {
                "runtimes": [
                    6.009098516001359,
                    41.109858953000185,
                    100.17474363600104,
                    208.14801583500048
                ],
                "diversity_values": [
                    3.6956356831590726,
                    3.129302769707673,
                    2.6763255350113893,
                    2.4642585025465755
                ]
            }
        },
        "FMMD-S": {
            "xs": {
                "k_values": [
                    25,
                    50,
                    75,
                    100
                ]
            },
            "ys": {
                "runtimes": [
                    12.23536326699923,
                    13.868277571000363,
                    19.047288390000176,
                    24.384744664999744
                ],
                "diversity_values": [
                    3.555904169296585,
                    3.3941495013643244,
                    3.01188502596485,
                    2.7563000723466757
                ]
            }
        },
        "FairFlow": {
            "xs": {
                "k_values": [
                    25,
                    50,
                    75,
                    100
                ]
            },
            "ys": {
                "runtimes": [
                    0.6165739129992289,
                    1.7228032589991926,
                    3.3201160400003573,
                    5.696992254000179
                ],
                "diversity_values": [
                    1.3793078536183196,
                    0.6116495653820863,
                    0.501397099311009,
                    0.7962481810982343
                ]
            }
        },
        "FairGreedyFlow": {
            "xs": {
                "k_values": [
                    25,
                    50,
                    75,
                    100
                ]
            },
            "ys": {
                "runtimes": [
                    0.8617284299998573,
                    2.740493928000433,
                    6.390260522999597,
                    10.651504011000725
                ],
                "diversity_values": [
                    1.5867287834900081,
                    1.0681564815470541,
                    0.8336672955231499,
                    1.1014287684109498
                ]
            }
        },
        "FMMD-MWU": {
            "xs": {
                "k_values": [
                    25,
                    50,
                    75,
                    100
                ]
            },
            "ys": {
                "runtimes": [
                    0.331275710645059,
                    1.409191512300822,
                    3.191278086431339,
                    7.773740360158627
                ],
                "diversity_values": [
                    2.8317559022663157,
                    2.5023289397023993,
                    2.234477989991073,
                    1.9144805865642254
                ]
            }
        },
        "FMMD-LP": {
            "xs": {
                "k_values": [
                    25,
                    50,
                    75,
                    100
                ]
            },
            "ys": {
                "runtimes": [
                    0.1263812950001011,
                    0.229953635000129,
                    0.3989116800012198,
                    0.5284200679998321
                ],
                "diversity_values": [
                    3.146043695140357,
                    2.535065099802127,
                    2.1155038770481247,
                    2.038752513641064
                ]
            }
        }
    }
}